188,258,618,729,752,790,801,803,876,1240,1395,1575,1613,1916,2006,2013,2074,2131,2279,2286,2378,2392,2394,2437,2439,2484,2487,2505,2552,2614,2631,2648,2662,2668,2684,2702,2711,2807,2812,2856,2858,2949,2962,2996,3018,3126
236,266,442,542,686,762,1142,1309,1393,1453,1480,1654,1814,1946,1996,2021,2139,2151,2300,2351,2364,2397,2400,2420,2421,2431,2433,2451,2465,2533,2539,2550,2583,2665,2681,2699,2712,2813,2846,2866,2877,2989,3010,3011,3094,3112
69,221,289,518,535,645,688,712,750,751,777,792,835,1121,1421,1439,1516,1556,1759,1994,2114,2321,2339,2500,2512,2541,2637,2692,2820,2837,2852,2874,2910,2924,3003,3027
85,87,186,478,483,500,582,929,1025,1399,1415,1445,1454,1486,1509,1517,1519,1585,1593,2036,2101,2119,2299,2383,2467,2555,2563,2698,2847,2991,3044,3106,3109
217,579,608,628,641,775,1284,1373,1499,1603,1694,1883,2214,2269,2281,2322,2412,2425,2452,2507,2571,2592,2636,2657,2670,2743,2804,2822,2870,2880,2885,2917,2971,2975,2976,3015,3108,3139
398,611,735,800,1091,1116,1241,1247,1264,1348,1398,1413,1531,1551,1590,1755,1995,2075,2195,2211,2306,2368,2422,2463,2464,2469,2477,2492,2502,2560,2562,2570,2703,2713,2823,2824,2857,2862,2927,2953,3005,3165
288,294,376,473,534,536,571,678,739,740,746,806,807,966,1076,1132,1364,1540,1627,1907,1973,2018,2031,2055,2182,2196,2268,2391,2424,2483,2486,2489,2536,2615,2627,2638,2649,2653,2680,2682,2707,2784,2790,2803,2964,2972,2983,3000,3006,3062,3140
228,301,409,501,588,652,690,724,747,1052,1071,1187,1379,1405,1407,1417,1420,1430,1446,1470,1612,1823,2143,2445,2521,2580,2588,2624,2678,2686,2689,2710,2718,2814,2833,2873,2879,2905,2945,3021
112,225,285,304,328,423,434,498,592,597,647,656,684,698,726,811,826,1058,1081,1143,1151,1242,1355,1391,1428,1431,1437,1441,1447,1448,1460,1461,1518,1530,1596,1616,1756,2059,2072,2109,2170,2307,2367,2396,2402,2456,2470,2491,2495,2496,2499,2595,2603,2632,2635,2654,2695,2700,2783,2829,2867,2871,2900,2914,3025,3149,3164,3168
425,623,705,767,809,967,1166,1338,1498,1577,1602,1921,1956,1987,2054,2057,2118,2252,2349,2401,2447,2458,2513,2544,2559,2561,2704,2709,2757,2830,2888,2950,2993,3020,3087
308,397,469,613,671,725,727,769,812,1299,1435,1523,1555,1857,1862,1871,1930,2019,2025,2111,2141,2219,2237,2248,2262,2359,2374,2390,2413,2419,2441,2460,2497,2508,2565,2598,2674,2705,2860,2926,2942,2978,3137
205,462,485,512,514,604,626,732,754,788,816,1195,1209,1216,1306,1482,1528,1533,1538,1547,1552,1889,2066,2083,2125,2134,2179,2264,2291,2316,2399,2432,2471,2482,2576,2629,2643,2651,2660,2675,2676,2770,2819,2894,2902,2903,3029,3171
390,892,934,1014,1067,1191,1280,1604,1895,1922,1928,1931,1983,2042,2304,2573,2630,2787,2868,2893,2901,2941,3002,3013
371,524,1451,1474,1521,1571,1866,1939,1964,2038,2337,2480,2732,2738,2746,2758,2779,2826,2853,2881,2882,2951
947,1095,1270,1801,2060,2104,2174,2229,2260,2436,2673,2720,2726,2771,2773,2776,2791,2794,2795,2810,2832,2848,2875,2925,2932,2935,2981
246,529,659,1086,1141,1226,1505,1689,1695,1832,1856,2126,2231,2414,2438,2446,2667,2765,2834,2959,2963,2974,3012
620,697,972,973,986,1093,1100,1115,1363,1608,1760,1843,2144,2183,2666,2701,2725,2896,2923,2929,3026
271,974,996,1246,1500,1536,1793,1824,1878,1881,1948,1997,2033,2097,2098,2158,2230,2255,2907,2916,2986
895,962,1002,1088,1360,1532,1662,1888,1938,2245,2250,2356,2403,2481,2506,2608,2755,2766,2798,2818,2850,2965,2995
699,928,1051,1130,1179,1231,1267,1297,1324,1361,1424,1544,1683,1738,1794,1798,1893,1945,2044,2084,2232,2310,2677,2697,2768,2786,2815,2956,2960,3067
26,350,377,412,456,466,660,862,901,1153,1201,1321,1381,1429,1467,1539,1579,2154,2194,2244,2303,2739,2741,3068,3093,3147
12,37,49,160,180,256,279,290,654,681,689,692,847,889,918,1157,1175,1397,1515,1527,1541,1560,1565,2146,2472,2736,2884,2955,2982,3159,3170
83,132,143,209,337,361,513,530,586,614,909,919,951,965,982,1152,1353,1568,1811,3111
4,9,19,72,208,223,241,307,477,523,528,563,567,570,1053,1057,1077,1104,1128,1256,1292,1389,1394,1396,1434,1444,1449,1508,1511,1554,1557,1569,1583,1606,1797,2283,2312,2328,2335,2581,2661,2691,2696,2767,2831,2937,2948,3152
94,218,287,383,388,443,550,596,677,799,1383,1411,1443,1465,1468,1479,1501,1918,2051,2082,2142,2426,2435,2518,2619,2647,2690,2693,2727,2788,2865,2958,3019,3022,3064,3121
48,144,171,276,330,331,334,399,435,487,490,662,695,903,938,1165,1168,1341,1343,1473,1481,1489,1522,1581,1595,1598,1978,2026,2099,2430,2671,2745,2750,2772,3104,3116
969,1016,1037,1069,1125,1188,1224,1311,1319,1320,1370,1384,1488,1597,1709,1942,2263,2731,2749,2752,2761,2775,2782,2785,2802,2817,2908,3128
346,780,856,872,877,884,946,980,1023,1124,1126,1178,1478,1574,1587,1698,1900,1914,1934,1940,2070,2282,2369,2384,2404,2719,2724,2760,2769,2792,2799,2801,2828,2835,2843,2854,2861,2869,2898,2913,2919,2920,2928,2938,2961,2979,2980,3004,3032,3119
200,527,787,842,926,1033,1190,1225,1463,1512,1545,1724,1784,1845,1981,2295,2530,2729,2733,2737,2742,2748,2751,2756,2762,2764,2778,2780,2793,2827,2892,2936,2940,2944,2946,2977,2994,3001,3031
546,785,829,865,866,941,1026,1129,1161,1203,1213,1220,1237,1684,1947,2228,2254,2292,2353,2380,2602,2606,2728,2735,2740,2747,2759,2777,2781,2811,2825,2836,2855,2863,2878,2886,2911,2921,2930,2969,2987,2988,2990,2998,3030,3161
211,231,342,479,870,916,921,961,977,1031,1196,1212,1362,1392,1404,1572,1578,1588,1765,2012,2096,2106,2289,2658,2722,2744,2789,2796,2797,2839,2851,2899,2931,2947,2984,2997,3023,3028
415,837,845,904,937,987,992,1004,1080,1087,1154,1171,1193,1197,1334,1385,1594,1721,1859,1950,2136,2210,2323,2324,2346,2365,2418,2706,2723,2754,2912,2985,3014,3043,3113
757,848,857,940,1148,1173,1176,1194,1244,1250,1272,1331,1358,1452,1492,1586,1775,1869,1923,2039,2130,2140,2197,2287,2350,2362,2501,2721,2734,2808,2816,2859,2889,2934,3024
791,863,1105,1215,1290,1305,1328,1387,1419,1651,1752,1844,1949,2002,2088,2241,2434,2473,2479,2509,2774,2872,2957
325,907,1049,1135,1332,1352,1495,1534,1582,1894,2032,2092,2172,2320,2416,2455,2610,2841,3007
202,472,844,867,888,908,960,1065,1089,1094,1099,1145,1163,1192,1271,1325,1359,1562,1693,1804,1818,1970,2344,2613,2634,2800,2806,3098
161,164,499,840,931,956,1150,1210,1219,1294,1316,1350,1520,1564,1566,1610,1977,2128,2150,2669,2687
40,314,365,748,766,784,849,933,989,1205,1206,1208,1296,1327,1329,1412,1898,2642,3034,3070,3076,3080,3122
78,96,126,248,315,411,426,430,488,517,564,815,875,1027,1035,1289,1410,1433,1477,2216,2475,2688
3,15,20,113,121,147,176,267,341,348,520,544,574,917,1083,1097,1186,1228,1243,1266,2221,2623,2717,2939,2970,3045,3132
60,88,102,152,316,358,612,680,749,860,1111,1238,1408,1426,1427,1455,1496,2607,2640,2716
7,14,45,98,154,173,185,195,237,238,253,259,277,281,300,340,347,394,422,458,492,507,587,606,609,636,702,864,902,1005,1007,3035,3040,3058,3105,3107,3115,3157
5,70,201,378,384,521,630,632,744,771,858,975,1303,1402,1409,1418,1471,2531,3118
25,44,82,145,153,162,169,189,233,240,254,263,280,310,366,392,408,421,431,446,559,591,610,619,629,657,795,805,855,881,896,1096,1122,1134,1200,1222,1236,1251,1301,1330,1335,1347,2525,2527,2567,2582
42,81,125,131,179,191,192,226,232,262,332,354,400,475,548,605,670,709,710,723,774,793,804,852,874,920,1013,1017,1030,1061,1073,1101,1230,1252,3073,3084,3153,3160
43,59,74,86,124,141,142,148,150,251,260,270,284,295,336,351,372,413,416,419,432,465,489,503,549,568,577,598,599,665,687,706,717,773,906,927,1079,1229,1351,1388,1514,2357,2528,2579,2590,3042
23,33,118,119,149,274,299,318,566,711,713,756,761,778,819,820,999,1070,1160,1223,1234,1476,1808,3090,3096,3134,3151,3174
28,31,35,75,165,187,219,324,349,433,444,484,561,602,759,871,943,1092,1110,1140,1170,1182,1227,1275,1339,1485,1553,1672,1982,1991,2257,2909,3049,3071,3072,3163,3167
6,55,92,108,115,133,139,403,494,600,672,745,873,939,1038,1085,1156,1248,3103
61,156,227,235,309,367,369,395,410,440,480,516,578,590,624,627,738,797,830,832,912,923,1009,1011,1028,1068,1133,1258,1416,1927,2284,2891,3054,3077,3092,3131
1,10,370,386,468,496,700,760,822,899,1090,1211,1269,1310,1366,1491,1707,1763,1984,1993,1998,2017,2061,2112,2223,2277,2332,2376,2377,2514,2577,3053,3097,3101,3110,3123,3141,3143
0,13,29,46,50,63,91,138,146,157,193,250,252,268,296,343,360,401,455,504,539,593,607,640,649,666,742,764,1000,1074,1180,1232,1315,1336,1377,1406,1425,1432,1466,1546,1558,1782,1915,1957,1966,2000,2067,2115,2534,2568,2600,2620,2621,2626,2655,2685,2904,3016
11,16,67,89,90,172,203,239,245,311,319,379,436,437,457,506,522,603,634,664,668,674,694,718,893,915,990,1055,1159,1164,2537
52,71,109,213,234,269,344,368,374,451,509,553,581,584,644,663,679,737,758,810,1036,1054,1291,1401,2529,2566,2659,2809,3033
298,339,719,743,981,1024,1217,1249,1302,1372,1462,1526,1650,1655,1680,1720,1728,1744,1769,1770,1786,1790,1791,1809,1820,1897,1986,1988,1990,1992,2023,2049,2050,2069,2077,2080,2110,2159,2176,2177,2199,2371,2405,2428,2494,2890
841,1181,1592,1625,1628,1633,1646,1663,1667,1700,1734,1745,1762,1768,1795,1802,1829,1841,1846,1899,1913,1963,2009,2079,2081,2103,2147,2148,2149,2209,2217,2218,2267,2325,2352,2363,2409,2410,2417,2488,2622,3100,3114
166,353,554,675,930,994,1029,1040,1045,1078,1082,1741,1753,1902,1959,1971,2175,2285,2315,2334,2345,2347,2385,2453,2466,2601,2663,3039,3041,3142
183,356,438,562,796,818,850,1144,1259,1340,1344,1659,1673,1688,1716,1729,2043,2047,2073,2085,2135,2156,2186,2191,2246,2355,2360,2361,2370,2411,2572,2906,3078,3089,3169,3175
1619,1638,1656,1660,1665,1670,1710,1712,1713,1715,1732,1735,1740,1792,1877,2105,2152,2189,2205,2239,2251,2261,2272,2275,2298,2326,2342,2354,2408,2462
1640,1701,1708,1726,1750,1822,1865,1935,1974,2004,2124,2203,2240,2249,2336,2442,2510
1629,1635,1687,1692,1723,1743,1826,1833,1837,1884,1886,1891,1901,1905,1909,1912,1936,1954,2010,2087,2160,2181,2280,2314,2387,2406
1307,1620,1632,1644,1652,1661,1699,1702,1725,1737,1748,1764,1771,1812,1821,1825,1839,1851,1872,1941,2030,2064,2090,2113,2117,2163,2294,2297,2305,2313,2468
879,905,910,957,971,1012,1032,1117,1155,1253,1293,1308,1317,1349,1450,1490,1831,2022,2121,2278,2290,2597,2992
782,827,854,894,958,968,1020,1281,1346,1599,1658,1682,1746,1816,1827,1842,1952,2014,2048,2053,2094,2095,2102,2127,2161,2202,2204,2235,2247,2331,2386,2393,2474,2535,2557,2645,2683,2730,2922,3009,3099
887,898,935,948,1066,1136,1138,1198,1207,1218,1235,1254,1265,1354,1475,1484,1513,2330,2490,2644,2838
194,508,859,868,922,924,964,1039,1056,1075,1098,1276,1285,1326,1697,1761,1796,1867,2178,2207,2389,2429,2444,2450,2542,2864,2883,3008
988,991,1048,1062,1204,1261,1440,1456,1535,1618,1624,1647,1705,1774,1777,1805,1828,1858,1880,1904,1961,2020,2035,2145,2167,2192,2327,2379,2382
722,833,1060,1147,1314,1493,1641,1676,1681,1789,1892,1925,1975,2056,2086,2166,2184,2233,2253,2271,2309,2448,2511,2540,2543,2805
551,1529,1622,1630,1637,1648,1671,1677,1703,1706,1714,1718,1758,1767,1803,1807,1863,1875,1887,1920,1933,1969,2037,2058,2076,2155,2341,2593
1621,1657,1711,1717,1719,1730,1747,1766,1773,1776,1817,1835,1855,1879,1906,1911,1917,1958,1965,1979,2015,2016,2034,2041,2123,2173,2224,2274,2296,2301,2348,2366,2372,2423
1286,1623,1639,1664,1669,1686,1722,1751,1757,1778,1787,1799,1815,1852,1919,1932,1951,1955,2062,2091,2122,2138,2165,2200,2236,2276,2293,2340,2343,2459
1626,1631,1634,1636,1642,1645,1653,1666,1668,1678,1704,1749,1779,1830,1838,1847,1896,1967,2065,2068,2164,2187,2193,2220,2226,2259,2308,2319,2375,2443
651,1001,1279,1323,1591,1674,1675,1679,1685,1690,1691,1696,1733,1742,1754,1785,1788,1800,1819,1849,1868,1874,1903,1926,1929,1962,1968,1980,1999,2028,2029,2045,2129,2311,2398,2415,2454,2476,2493,2503
345,573,851,883,952,997,1018,1042,1112,1172,1245,1318,1649,1772,1848,1873,1976,1989,2008,2213,2256,2575,2918,2954
257,505,533,1010,1059,1102,1139,1214,1221,1255,1382,1386,1442,1503,1542,1584,1615,1643,1727,1739,1780,1781,1783,1840,1876,1908,1924,2003,2007,2046,2132,2133,2227,2266,2318,2329,2373,2381,2461,3047,3081,3172
120,207,323,405,428,526,846,1034,1177,1295,1371,1731,1736,1864,1870,1882,2040,2063,2089,2107,2153,2180,2201,2208,2388,2407,2679,2887,3050,3069,3074,3173
291,303,317,382,459,580,642,648,650,667,669,976,1019,1199,1288,1400,1472,1550,1600,1601,1810,1850,1853,1854,1944,1953,2001,2116,2212,2242,2338,2515,2538,2574,2586,2625,2639,2652,2672,2897
56,100,134,163,168,175,214,272,275,286,460,495,502,532,545,638,655,720,733,763,772,813,1050,1064,1365,1483,1497,1502,1525,1548,1567,1576,2188,2206,2222,2520,2523,2564,2591,2708
117,127,385,414,429,461,464,510,537,555,556,595,617,701,786,914,970,1015,1041,1119,1146,1189,1282,1312,1423,1559,1813,1943,2524,2587,2596,2753,2895
2,22,36,38,73,76,79,97,116,181,198,282,305,306,338,359,363,364,380,393,448,497,511,515,541,589,714,770,798,823,839,890,978,983,1003,1021,1043,1131,1304,1333,1345,1368,1380,1403,1438,1458,1459,1507,2516,2522,2547,2551,2578,2585,2594,2611,2633,2641,2714
30,80,95,99,107,111,129,135,136,170,177,182,242,244,261,320,396,418,424,441,476,622,633,661,691,979,993,1123,1369,1487,1504,1563,1605,1937,2011,2137,2185,2517,2532,2549,2556,2569,2605,2618,2628,2715,2915
54,84,104,106,114,128,204,229,265,449,454,531,558,616,625,639,696,708,741,1072,1375,1464,1469,1506,2005,2162,2168,2171,2190,2198,2258,2270,2526,2545,2546,2548,2553,2554,2599,2616,2617,2646,2849,2967,3086,3120,3155
77,140,159,216,292,333,375,381,427,481,540,594,693,707,715,736,753,768,789,802,945,954,995,1262,1273,1356,1390,1414,1422,1457,1494,1510,1570,1860,1972,2108,2120,2157,2273,2317,2519,2584,2589,2664,3138
17,18,101,167,222,247,255,321,322,373,402,525,601,765,869,1103,1322,1376,3056
21,32,123,210,224,243,278,326,329,335,362,439,452,463,471,569,635,643,838,985,1084,1268,1374,1573,2395,2478,3057,3095
39,57,65,137,174,215,387,538,576,730,831,834,836,885,949,1046,3046
24,110,158,352,406,417,491,519,631,646,728,808,824,1107,1158,1167,1277,3036,3060,3144,3146,3162
721,779,817,828,880,913,950,1114,1239,1298,1300,1337,1543,1561,1580,1614,1617,1985,2427,2498,2504,2609,3038,3136
825,853,932,953,1008,1047,1109,1162,1169,1524,1549,1890,1910,1960,2024,2169,2238,2288,2558,2840,2966
103,190,264,658,703,794,821,1006,1149,1378,1589,1609,2027,2485,2763,2844,3017,3048,3055,3063,3135
220,407,474,615,676,755,936,984,1022,1063,1233,1257,1436,1537,2243,2973,3052,3066,3085,3127,3130,3145
552,583,882,955,1127,1183,1274,2449,2604,3059,3091,3148
450,470,547,621,682,685,716,942,963,1185,1836,2234,2821,2933,3082,3088,3102,3125,3129,3156
560,776,861,886,911,959,1113,1120,1184,1260,1263,1278,1283,1342,1357,1861,2052,2100,2225,2265,2302,2333,2358,2440,2656,2694,2952,2968,3133
51,66,249,283,302,312,327,357,389,543,557,653,683,704,731,734,783,814,843,878,1202,1313,1611,1806,1834,1885,2071,2093,2215,2612,2842,2876,2943,3037,3065,3079,3083,3150,3158
122,184,206,420,482,486,493,575,637,673,1118,1174,1367,1607,2078,2457,2845,2999,3075,3117,3124,3154,3166
53,58,62,64,105,293,297,355,391,585,781,891,925,1108,1287,3051,3061
8,27,34,41,47,68,93,130,151,155,178,196,197,199,212,230,273,313,404,445,447,453,467,565,572,897,900,944,998,1044,1106,1137,2650
